Genus,Species,Date
Ammodramus,savannarum,10/6/17
Ammodramus,savannarum,10/10/17
Ammodramus,savannarum,10/26/17
Ammodramus,savannarum,5/10/18
Cardellina,canadensis,9/20/17
Cardellina,canadensis,5/22/18
Cardellina,canadensis,5/15/18
Cardellina,canadensis,5/15/18
Cardellina,canadensis,5/15/18
Cardellina,canadensis,5/19/18
Cardellina,canadensis,5/22/18
Cardellina,pusilla,9/17/17
Cardellina,pusilla,9/18/17
Cardellina,pusilla,9/18/17
Cardellina,pusilla,9/19/17
Cardellina,pusilla,9/19/17
Cardellina,pusilla,9/20/17
Cardellina,pusilla,9/20/17
Cardellina,pusilla,9/23/17
Cardellina,pusilla,9/25/17
Cardellina,pusilla,9/11/17
Cardellina,pusilla,5/14/18
Cardellina,pusilla,5/15/18
Cardellina,pusilla,5/15/18
Catharus,fuscescens,5/15/18
Catharus,fuscescens,5/6/18
Catharus,guttatus,10/5/17
Catharus,guttatus,10/5/17
Catharus,guttatus,10/10/17
Catharus,guttatus,10/10/17
Catharus,guttatus,10/10/17
Catharus,guttatus,10/10/17
Catharus,guttatus,10/11/17
Catharus,guttatus,10/11/17
Catharus,guttatus,10/12/17
Catharus,guttatus,10/16/17
Catharus,guttatus,10/19/17
Catharus,guttatus,10/20/17
Catharus,guttatus,10/22/17
Catharus,guttatus,10/26/17
Catharus,guttatus,10/26/17
Catharus,guttatus,10/26/17
Catharus,guttatus,10/26/17
Catharus,guttatus,10/27/17
Catharus,guttatus,10/29/17
Catharus,guttatus,10/30/17
Catharus,guttatus,10/30/17
Catharus,guttatus,10/30/17
Catharus,guttatus,11/1/17
Catharus,guttatus,10/9/17
Catharus,guttatus,4/14/18
Catharus,guttatus,4/14/18
Catharus,guttatus,4/12/18
Catharus,guttatus,4/26/18
Catharus,guttatus,5/3/18
Catharus,minimus,9/12/17
Catharus,minimus,9/20/17
Catharus,minimus,10/2/17
Catharus,minimus,10/4/17
Catharus,minimus,10/10/17
Catharus,minimus,5/14/18
Catharus,minimus,5/15/18
Catharus,minimus,5/16/18
Catharus,minimus,5/28/18
Catharus,ustulatus,9/4/17
Catharus,ustulatus,9/11/17
Catharus,ustulatus,9/13/17
Catharus,ustulatus,9/14/17
Catharus,ustulatus,9/15/17
Catharus,ustulatus,9/15/17
Catharus,ustulatus,9/17/17
Catharus,ustulatus,9/18/17
Catharus,ustulatus,9/19/17
Catharus,ustulatus,9/20/17
Catharus,ustulatus,9/24/17
Catharus,ustulatus,9/25/17
Catharus,ustulatus,10/1/17
Catharus,ustulatus,10/2/17
Catharus,ustulatus,10/2/17
Catharus,ustulatus,10/5/17
Catharus,ustulatus,10/5/17
Catharus,ustulatus,10/5/17
Catharus,ustulatus,10/12/17
Catharus,ustulatus,10/26/17
Catharus,ustulatus,10/24/17
Catharus,ustulatus,5/24/18
Catharus,ustulatus,5/6/18
Catharus,ustulatus,5/6/18
Catharus,ustulatus,5/12/18
Catharus,ustulatus,5/15/18
Catharus,ustulatus,5/15/18
Catharus,ustulatus,5/15/18
Catharus,ustulatus,5/15/18
Catharus,ustulatus,5/15/18
Catharus,ustulatus,5/10/18
Catharus,ustulatus,5/10/18
Certhia,americana,9/30/17
Certhia,americana,9/30/17
Certhia,americana,10/5/17
Certhia,americana,10/5/17
Certhia,americana,10/5/17
Certhia,americana,10/5/17
Certhia,americana,10/5/17
Certhia,americana,10/10/17
Certhia,americana,10/10/17
Certhia,americana,10/10/17
Certhia,americana,10/10/17
Certhia,americana,10/10/17
Certhia,americana,10/11/17
Certhia,americana,10/11/17
Certhia,americana,10/11/17
Certhia,americana,10/11/17
Certhia,americana,10/12/17
Certhia,americana,10/12/17
Certhia,americana,10/13/17
Certhia,americana,10/13/17
Certhia,americana,10/14/17
Certhia,americana,10/14/17
Certhia,americana,10/15/17
Certhia,americana,10/15/17
Certhia,americana,10/15/17
Certhia,americana,10/15/17
Certhia,americana,10/15/17
Certhia,americana,10/15/17
Certhia,americana,10/16/17
Certhia,americana,10/16/17
Certhia,americana,10/16/17
Certhia,americana,10/16/17
Certhia,americana,10/17/17
Certhia,americana,10/19/17
Certhia,americana,10/19/17
Certhia,americana,10/20/17
Certhia,americana,10/21/17
Certhia,americana,10/21/17
Certhia,americana,10/22/17
Certhia,americana,10/26/17
Certhia,americana,10/26/17
Certhia,americana,10/26/17
Certhia,americana,10/26/17
Certhia,americana,10/26/17
Certhia,americana,10/26/17
Certhia,americana,10/26/17
Certhia,americana,10/26/17
Certhia,americana,10/27/17
Certhia,americana,10/27/17
Certhia,americana,10/27/17
Certhia,americana,10/27/17
Certhia,americana,10/27/17
Certhia,americana,10/29/17
Certhia,americana,10/29/17
Certhia,americana,10/29/17
Certhia,americana,10/29/17
Certhia,americana,10/30/17
Certhia,americana,10/30/17
Certhia,americana,11/1/17
Certhia,americana,11/4/17
Certhia,americana,11/4/17
Certhia,americana,11/4/17
Certhia,americana,11/4/17
Certhia,americana,11/5/17
Certhia,americana,10/27/17
Certhia,americana,4/14/18
Certhia,americana,4/14/18
Certhia,americana,4/14/18
Certhia,americana,4/13/18
Certhia,americana,4/12/18
Certhia,americana,4/14/18
Certhia,americana,4/14/18
Certhia,americana,4/14/18
Certhia,americana,4/14/18
Certhia,americana,4/13/18
Certhia,americana,4/14/18
Certhia,americana,4/14/18
Certhia,americana,4/14/18
Certhia,americana,4/14/18
Certhia,americana,4/14/18
Certhia,americana,4/14/18
Certhia,americana,4/14/18
Certhia,americana,4/14/18
Certhia,americana,4/20/18
Certhia,americana,4/20/18
Certhia,americana,4/20/18
Certhia,americana,5/1/18
Certhia,americana,5/2/18
Certhia,americana,5/2/18
Cistothorus,palustris,9/17/17
Cistothorus,palustris,9/28/17
Cistothorus,palustris,10/2/17
Cistothorus,palustris,10/17/17
Coccyzus,americanus,9/1/17
Coccyzus,americanus,9/15/17
Coccyzus,americanus,10/19/17
Coccyzus,americanus,10/28/17
Colaptes,auratus,9/12/17
Colaptes,auratus,9/28/17
Colaptes,auratus,9/28/17
Colaptes,auratus,9/29/17
Colaptes,auratus,9/29/17
Colaptes,auratus,9/30/17
Colaptes,auratus,10/10/17
Colaptes,auratus,10/16/17
Colaptes,auratus,10/17/17
Colaptes,auratus,10/26/17
Colaptes,auratus,10/28/17
Colaptes,auratus,10/24/17
Colaptes,auratus,10/11/17
Colaptes,auratus,4/21/18
Colaptes,auratus,4/14/18
Colaptes,auratus,4/14/18
Colaptes,auratus,4/27/18
Colaptes,auratus,5/6/18
Contopus,virens,9/19/17
Contopus,virens,10/12/17
Contopus,virens,5/15/18
Contopus,virens,5/9/18
Contopus,virens,5/16/18
Dumetella,carolinensis,9/27/17
Dumetella,carolinensis,9/29/17
Dumetella,carolinensis,10/1/17
Dumetella,carolinensis,10/2/17
Dumetella,carolinensis,10/11/17
Dumetella,carolinensis,10/11/17
Dumetella,carolinensis,10/11/17
Dumetella,carolinensis,10/14/17
Dumetella,carolinensis,5/15/18
Dumetella,carolinensis,5/8/18
Dumetella,carolinensis,5/16/18
Dumetella,carolinensis,5/19/18
Dumetella,carolinensis,5/17/18
Dumetella,carolinensis,5/4/18
Dumetella,carolinensis,5/4/18
Dumetella,carolinensis,5/5/18
Dumetella,carolinensis,5/6/18
Dumetella,carolinensis,5/6/18
Dumetella,carolinensis,5/5/18
Dumetella,carolinensis,5/5/18
Dumetella,carolinensis,5/6/18
Dumetella,carolinensis,5/8/18
Dumetella,carolinensis,5/9/18
Dumetella,carolinensis,5/9/18
Dumetella,carolinensis,5/12/18
Dumetella,carolinensis,5/12/18
Dumetella,carolinensis,5/12/18
Dumetella,carolinensis,5/14/18
Dumetella,carolinensis,5/19/18
Dumetella,carolinensis,5/22/18
Dumetella,carolinensis,5/24/18
Empidonax,minimus,9/1/17
Empidonax,minimus,9/2/17
Empidonax,minimus,5/1/18
Geothlypis,formosa,9/1/17
Geothlypis,formosa,5/7/18
Geothlypis,philadelphia,9/1/17
Geothlypis,philadelphia,9/2/17
Geothlypis,philadelphia,9/18/17
Geothlypis,philadelphia,9/17/17
Geothlypis,philadelphia,9/18/17
Geothlypis,philadelphia,9/19/17
Geothlypis,philadelphia,9/19/17
Geothlypis,philadelphia,9/22/17
Geothlypis,philadelphia,9/20/17
Geothlypis,philadelphia,9/20/17
Geothlypis,philadelphia,9/20/17
Geothlypis,philadelphia,9/20/17
Geothlypis,philadelphia,9/20/17
Geothlypis,philadelphia,9/20/17
Geothlypis,philadelphia,9/25/17
Geothlypis,philadelphia,9/25/17
Geothlypis,philadelphia,10/1/17
Geothlypis,philadelphia,10/3/17
Geothlypis,philadelphia,10/19/17
Geothlypis,philadelphia,5/15/18
Geothlypis,philadelphia,5/24/18
Geothlypis,trichas,9/2/17
Geothlypis,trichas,9/4/17
Geothlypis,trichas,9/8/17
Geothlypis,trichas,9/9/17
Geothlypis,trichas,9/12/17
Geothlypis,trichas,9/13/17
Geothlypis,trichas,9/13/17
Geothlypis,trichas,9/14/17
Geothlypis,trichas,9/14/17
Geothlypis,trichas,9/14/17
Geothlypis,trichas,9/14/17
Geothlypis,trichas,9/15/17
Geothlypis,trichas,9/16/17
Geothlypis,trichas,9/15/17
Geothlypis,trichas,9/17/17
Geothlypis,trichas,9/17/17
Geothlypis,trichas,9/18/17
Geothlypis,trichas,9/19/17
Geothlypis,trichas,9/19/17
Geothlypis,trichas,9/19/17
Geothlypis,trichas,9/19/17
Geothlypis,trichas,9/19/17
Geothlypis,trichas,9/22/17
Geothlypis,trichas,9/22/17
Geothlypis,trichas,9/22/17
Geothlypis,trichas,9/20/17
Geothlypis,trichas,9/20/17
Geothlypis,trichas,9/20/17
Geothlypis,trichas,9/20/17
Geothlypis,trichas,9/20/17
Geothlypis,trichas,9/20/17
Geothlypis,trichas,9/23/17
Geothlypis,trichas,9/24/17
Geothlypis,trichas,9/24/17
Geothlypis,trichas,9/24/17
Geothlypis,trichas,9/24/17
Geothlypis,trichas,9/24/17
Geothlypis,trichas,9/24/17
Geothlypis,trichas,9/25/17
Geothlypis,trichas,9/25/17
Geothlypis,trichas,9/25/17
Geothlypis,trichas,9/25/17
Geothlypis,trichas,9/25/17
Geothlypis,trichas,9/25/17
Geothlypis,trichas,9/25/17
Geothlypis,trichas,9/25/17
Geothlypis,trichas,9/26/17
Geothlypis,trichas,9/26/17
Geothlypis,trichas,9/26/17
Geothlypis,trichas,9/26/17
Geothlypis,trichas,9/26/17
Geothlypis,trichas,9/27/17
Geothlypis,trichas,9/27/17
Geothlypis,trichas,9/27/17
Geothlypis,trichas,9/27/17
Geothlypis,trichas,9/27/17
Geothlypis,trichas,9/27/17
Geothlypis,trichas,9/27/17
Geothlypis,trichas,9/28/17
Geothlypis,trichas,9/28/17
Geothlypis,trichas,9/29/17
Geothlypis,trichas,9/29/17
Geothlypis,trichas,9/29/17
Geothlypis,trichas,9/29/17
Geothlypis,trichas,9/29/17
Geothlypis,trichas,9/29/17
Geothlypis,trichas,9/29/17
Geothlypis,trichas,9/29/17
Geothlypis,trichas,9/29/17
Geothlypis,trichas,9/30/17
Geothlypis,trichas,10/1/17
Geothlypis,trichas,10/1/17
Geothlypis,trichas,10/2/17
Geothlypis,trichas,10/2/17
Geothlypis,trichas,10/2/17
Geothlypis,trichas,10/3/17
Geothlypis,trichas,10/4/17
Geothlypis,trichas,10/4/17
Geothlypis,trichas,10/5/17
Geothlypis,trichas,10/5/17
Geothlypis,trichas,10/5/17
Geothlypis,trichas,10/5/17
Geothlypis,trichas,10/5/17
Geothlypis,trichas,10/5/17
Geothlypis,trichas,10/6/17
Geothlypis,trichas,10/6/17
Geothlypis,trichas,10/6/17
Geothlypis,trichas,10/6/17
Geothlypis,trichas,10/6/17
Geothlypis,trichas,10/8/17
Geothlypis,trichas,10/8/17
Geothlypis,trichas,10/10/17
Geothlypis,trichas,10/10/17
Geothlypis,trichas,10/10/17
Geothlypis,trichas,10/10/17
Geothlypis,trichas,10/10/17
Geothlypis,trichas,10/11/17
Geothlypis,trichas,10/12/17
Geothlypis,trichas,10/13/17
Geothlypis,trichas,10/14/17
Geothlypis,trichas,10/18/17
Geothlypis,trichas,10/23/17
Geothlypis,trichas,10/8/17
Geothlypis,trichas,10/11/17
Geothlypis,trichas,5/25/18
Geothlypis,trichas,5/11/18
Geothlypis,trichas,5/15/18
Geothlypis,trichas,5/25/18
Geothlypis,trichas,5/25/18
Geothlypis,trichas,5/15/18
Geothlypis,trichas,5/22/18
Geothlypis,trichas,5/2/18
Geothlypis,trichas,5/19/18
Geothlypis,trichas,5/6/18
Geothlypis,trichas,5/6/18
Geothlypis,trichas,5/2/18
Geothlypis,trichas,5/2/18
Geothlypis,trichas,5/14/18
Geothlypis,trichas,5/10/18
Geothlypis,trichas,5/10/18
Geothlypis,trichas,5/15/18
Geothlypis,trichas,5/15/18
Geothlypis,trichas,5/15/18
Geothlypis,trichas,5/15/18
Geothlypis,trichas,5/15/18
Geothlypis,trichas,5/15/18
Geothlypis,trichas,5/15/18
Geothlypis,trichas,5/15/18
Geothlypis,trichas,5/15/18
Geothlypis,trichas,5/15/18
Geothlypis,trichas,5/15/18
Geothlypis,trichas,5/15/18
Geothlypis,trichas,5/15/18
Geothlypis,trichas,5/15/18
Geothlypis,trichas,5/15/18
Geothlypis,trichas,5/15/18
Geothlypis,trichas,5/15/18
Geothlypis,trichas,5/16/18
Geothlypis,trichas,5/14/18
Geothlypis,trichas,5/19/18
Geothlypis,trichas,5/19/18
Geothlypis,trichas,5/19/18
Geothlypis,trichas,5/19/18
Geothlypis,trichas,5/19/18
Geothlypis,trichas,5/17/18
Geothlypis,trichas,5/19/18
Geothlypis,trichas,5/19/18
Geothlypis,trichas,5/19/18
Geothlypis,trichas,5/19/18
Geothlypis,trichas,5/22/18
Geothlypis,trichas,5/22/18
Geothlypis,trichas,5/22/18
Geothlypis,trichas,5/22/18
Geothlypis,trichas,5/22/18
Geothlypis,trichas,5/22/18
Geothlypis,trichas,5/22/18
Geothlypis,trichas,5/22/18
Geothlypis,trichas,5/22/18
Geothlypis,trichas,5/22/18
Geothlypis,trichas,5/22/18
Geothlypis,trichas,5/22/18
Geothlypis,trichas,5/22/18
Geothlypis,trichas,5/22/18
Geothlypis,trichas,5/26/18
Geothlypis,trichas,5/23/18
Geothlypis,trichas,5/23/18
Geothlypis,trichas,5/29/18
Hylocichla,mustelina,9/18/17
Hylocichla,mustelina,9/19/17
Hylocichla,mustelina,9/19/17
Hylocichla,mustelina,10/1/17
Hylocichla,mustelina,5/4/18
Hylocichla,mustelina,5/2/18
Hylocichla,mustelina,5/2/18
Hylocichla,mustelina,5/2/18
Hylocichla,mustelina,5/3/18
Hylocichla,mustelina,5/3/18
Hylocichla,mustelina,5/4/18
Hylocichla,mustelina,5/9/18
Hylocichla,mustelina,5/9/18
Hylocichla,mustelina,5/10/18
Hylocichla,mustelina,5/15/18
Hylocichla,mustelina,5/17/18
Icteria,virens,9/16/17
Icterus,galbula,5/10/18
Junco,hyemalis,9/21/17
Junco,hyemalis,9/29/17
Junco,hyemalis,10/5/17
Junco,hyemalis,10/5/17
Junco,hyemalis,10/7/17
Junco,hyemalis,10/11/17
Junco,hyemalis,10/11/17
Junco,hyemalis,10/14/17
Junco,hyemalis,10/16/17
Junco,hyemalis,10/17/17
Junco,hyemalis,10/20/17
Junco,hyemalis,10/20/17
Junco,hyemalis,10/21/17
Junco,hyemalis,10/23/17
Junco,hyemalis,10/26/17
Junco,hyemalis,10/26/17
Junco,hyemalis,10/26/17
Junco,hyemalis,10/26/17
Junco,hyemalis,10/26/17
Junco,hyemalis,10/30/17
Junco,hyemalis,10/30/17
Junco,hyemalis,10/30/17
Junco,hyemalis,10/30/17
Junco,hyemalis,10/30/17
Junco,hyemalis,10/31/17
Junco,hyemalis,11/1/17
Junco,hyemalis,11/1/17
Junco,hyemalis,11/1/17
Junco,hyemalis,11/4/17
Junco,hyemalis,11/4/17
Junco,hyemalis,11/4/17
Junco,hyemalis,11/4/17
Junco,hyemalis,11/4/17
Junco,hyemalis,11/4/17
Junco,hyemalis,11/4/17
Junco,hyemalis,11/4/17
Junco,hyemalis,11/4/17
Junco,hyemalis,11/5/17
Junco,hyemalis,11/7/17
Junco,hyemalis,4/12/18
Junco,hyemalis,4/30/18
Junco,hyemalis,4/12/18
Junco,hyemalis,4/26/18
Megaceryle,alcyon,10/16/17
Melospiza,georgiana,9/28/17
Melospiza,georgiana,9/28/17
Melospiza,georgiana,10/5/17
Melospiza,georgiana,10/5/17
Melospiza,georgiana,10/6/17
Melospiza,georgiana,10/10/17
Melospiza,georgiana,10/10/17
Melospiza,georgiana,10/10/17
Melospiza,georgiana,10/11/17
Melospiza,georgiana,10/11/17
Melospiza,georgiana,10/11/17
Melospiza,georgiana,10/11/17
Melospiza,georgiana,10/11/17
Melospiza,georgiana,10/11/17
Melospiza,georgiana,10/11/17
Melospiza,georgiana,10/12/17
Melospiza,georgiana,10/12/17
Melospiza,georgiana,10/12/17
Melospiza,georgiana,10/12/17
Melospiza,georgiana,10/13/17
Melospiza,georgiana,10/13/17
Melospiza,georgiana,10/13/17
Melospiza,georgiana,10/14/17
Melospiza,georgiana,10/14/17
Melospiza,georgiana,10/14/17
Melospiza,georgiana,10/15/17
Melospiza,georgiana,10/15/17
Melospiza,georgiana,10/16/17
Melospiza,georgiana,10/16/17
Melospiza,georgiana,10/16/17
Melospiza,georgiana,10/16/17
Melospiza,georgiana,10/16/17
Melospiza,georgiana,10/17/17
Melospiza,georgiana,10/17/17
Melospiza,georgiana,10/17/17
Melospiza,georgiana,10/17/17
Melospiza,georgiana,10/17/17
Melospiza,georgiana,10/19/17
Melospiza,georgiana,10/19/17
Melospiza,georgiana,10/19/17
Melospiza,georgiana,10/19/17
Melospiza,georgiana,10/19/17
Melospiza,georgiana,10/20/17
Melospiza,georgiana,10/20/17
Melospiza,georgiana,10/20/17
Melospiza,georgiana,10/21/17
Melospiza,georgiana,10/26/17
Melospiza,georgiana,10/26/17
Melospiza,georgiana,10/26/17
Melospiza,georgiana,10/26/17
Melospiza,georgiana,10/26/17
Melospiza,georgiana,10/26/17
Melospiza,georgiana,10/26/17
Melospiza,georgiana,10/26/17
Melospiza,georgiana,10/26/17
Melospiza,georgiana,10/26/17
Melospiza,georgiana,10/26/17
Melospiza,georgiana,10/26/17
Melospiza,georgiana,10/26/17
Melospiza,georgiana,10/27/17
Melospiza,georgiana,10/27/17
Melospiza,georgiana,10/27/17
Melospiza,georgiana,10/27/17
Melospiza,georgiana,10/28/17
Melospiza,georgiana,10/24/17
Melospiza,georgiana,10/29/17
Melospiza,georgiana,10/30/17
Melospiza,georgiana,10/31/17
Melospiza,georgiana,10/26/17
Melospiza,georgiana,4/13/18
Melospiza,georgiana,4/12/18
Melospiza,georgiana,4/13/18
Melospiza,georgiana,4/13/18
Melospiza,georgiana,5/1/18
Melospiza,georgiana,5/4/18
Melospiza,georgiana,5/3/18
Melospiza,lincolnii,9/2/17
Melospiza,lincolnii,9/12/17
Melospiza,lincolnii,9/12/17
Melospiza,lincolnii,9/13/17
Melospiza,lincolnii,9/16/17
Melospiza,lincolnii,9/16/17
Melospiza,lincolnii,9/17/17
Melospiza,lincolnii,9/17/17
Melospiza,lincolnii,9/17/17
Melospiza,lincolnii,9/18/17
Melospiza,lincolnii,9/17/17
Melospiza,lincolnii,9/18/17
Melospiza,lincolnii,9/18/17
Melospiza,lincolnii,9/18/17
Melospiza,lincolnii,9/18/17
Melospiza,lincolnii,9/18/17
Melospiza,lincolnii,9/19/17
Melospiza,lincolnii,9/19/17
Melospiza,lincolnii,9/19/17
Melospiza,lincolnii,9/22/17
Melospiza,lincolnii,9/22/17
Melospiza,lincolnii,9/22/17
Melospiza,lincolnii,9/20/17
Melospiza,lincolnii,9/20/17
Melospiza,lincolnii,9/20/17
Melospiza,lincolnii,9/20/17
Melospiza,lincolnii,9/20/17
Melospiza,lincolnii,9/20/17
Melospiza,lincolnii,9/20/17
Melospiza,lincolnii,9/21/17
Melospiza,lincolnii,9/21/17
Melospiza,lincolnii,9/21/17
Melospiza,lincolnii,9/23/17
Melospiza,lincolnii,9/23/17
Melospiza,lincolnii,9/23/17
Melospiza,lincolnii,9/23/17
Melospiza,lincolnii,9/24/17
Melospiza,lincolnii,9/25/17
Melospiza,lincolnii,9/26/17
Melospiza,lincolnii,9/28/17
Melospiza,lincolnii,9/29/17
Melospiza,lincolnii,9/30/17
Melospiza,lincolnii,10/1/17
Melospiza,lincolnii,10/1/17
Melospiza,lincolnii,10/1/17
Melospiza,lincolnii,10/1/17
Melospiza,lincolnii,10/1/17
Melospiza,lincolnii,10/1/17
Melospiza,lincolnii,10/1/17
Melospiza,lincolnii,10/2/17
Melospiza,lincolnii,10/2/17
Melospiza,lincolnii,10/2/17
Melospiza,lincolnii,10/2/17
Melospiza,lincolnii,10/2/17
Melospiza,lincolnii,10/3/17
Melospiza,lincolnii,10/4/17
Melospiza,lincolnii,10/4/17
Melospiza,lincolnii,10/5/17
Melospiza,lincolnii,10/5/17
Melospiza,lincolnii,10/5/17
Melospiza,lincolnii,10/5/17
Melospiza,lincolnii,10/5/17
Melospiza,lincolnii,10/6/17
Melospiza,lincolnii,10/6/17
Melospiza,lincolnii,10/7/17
Melospiza,lincolnii,10/7/17
Melospiza,lincolnii,10/7/17
Melospiza,lincolnii,10/8/17
Melospiza,lincolnii,10/9/17
Melospiza,lincolnii,10/10/17
Melospiza,lincolnii,10/10/17
Melospiza,lincolnii,10/10/17
Melospiza,lincolnii,10/10/17
Melospiza,lincolnii,10/10/17
Melospiza,lincolnii,10/10/17
Melospiza,lincolnii,10/11/17
Melospiza,lincolnii,10/11/17
Melospiza,lincolnii,10/11/17
Melospiza,lincolnii,10/11/17
Melospiza,lincolnii,10/12/17
Melospiza,lincolnii,10/12/17
Melospiza,lincolnii,10/12/17
Melospiza,lincolnii,10/12/17
Melospiza,lincolnii,10/12/17
Melospiza,lincolnii,10/12/17
Melospiza,lincolnii,10/12/17
Melospiza,lincolnii,10/12/17
Melospiza,lincolnii,10/12/17
Melospiza,lincolnii,10/12/17
Melospiza,lincolnii,10/13/17
Melospiza,lincolnii,10/14/17
Melospiza,lincolnii,10/15/17
Melospiza,lincolnii,10/16/17
Melospiza,lincolnii,10/16/17
Melospiza,lincolnii,10/16/17
Melospiza,lincolnii,10/17/17
Melospiza,lincolnii,10/19/17
Melospiza,lincolnii,10/19/17
Melospiza,lincolnii,10/22/17
Melospiza,lincolnii,10/27/17
Melospiza,lincolnii,9/23/17
Melospiza,lincolnii,9/22/17
Melospiza,lincolnii,10/11/17
Melospiza,lincolnii,5/5/18
Melospiza,lincolnii,5/12/18
Melospiza,lincolnii,5/14/18
Melospiza,lincolnii,5/10/18
Melospiza,lincolnii,5/15/18
Melospiza,lincolnii,5/15/18
Melospiza,lincolnii,5/15/18
Melospiza,lincolnii,5/15/18
Melospiza,lincolnii,5/16/18
Melospiza,lincolnii,5/19/18
Melospiza,lincolnii,5/19/18
Melospiza,melodia,10/5/17
Melospiza,melodia,10/6/17
Melospiza,melodia,10/10/17
Melospiza,melodia,10/10/17
Melospiza,melodia,10/11/17
Melospiza,melodia,10/12/17
Melospiza,melodia,10/13/17
Melospiza,melodia,10/14/17
Melospiza,melodia,10/16/17
Melospiza,melodia,10/16/17
Melospiza,melodia,10/16/17
Melospiza,melodia,10/20/17
Melospiza,melodia,10/20/17
Melospiza,melodia,10/20/17
Melospiza,melodia,10/20/17
Melospiza,melodia,10/21/17
Melospiza,melodia,10/21/17
Melospiza,melodia,10/22/17
Melospiza,melodia,10/23/17
Melospiza,melodia,10/23/17
Melospiza,melodia,10/26/17
Melospiza,melodia,10/26/17
Melospiza,melodia,10/26/17
Melospiza,melodia,10/26/17
Melospiza,melodia,10/26/17
Melospiza,melodia,10/26/17
Melospiza,melodia,10/26/17
Melospiza,melodia,10/26/17
Melospiza,melodia,10/26/17
Melospiza,melodia,10/26/17
Melospiza,melodia,10/26/17
Melospiza,melodia,10/26/17
Melospiza,melodia,10/26/17
Melospiza,melodia,10/26/17
Melospiza,melodia,10/26/17
Melospiza,melodia,10/26/17
Melospiza,melodia,10/26/17
Melospiza,melodia,10/26/17
Melospiza,melodia,10/26/17
Melospiza,melodia,10/26/17
Melospiza,melodia,10/27/17
Melospiza,melodia,10/27/17
Melospiza,melodia,10/27/17
Melospiza,melodia,10/27/17
Melospiza,melodia,10/27/17
Melospiza,melodia,10/27/17
Melospiza,melodia,10/27/17
Melospiza,melodia,10/28/17
Melospiza,melodia,10/29/17
Melospiza,melodia,10/30/17
Melospiza,melodia,10/30/17
Melospiza,melodia,10/30/17
Melospiza,melodia,10/30/17
Melospiza,melodia,10/30/17
Melospiza,melodia,10/30/17
Melospiza,melodia,10/30/17
Melospiza,melodia,10/30/17
Melospiza,melodia,10/31/17
Melospiza,melodia,11/1/17
Melospiza,melodia,11/4/17
Melospiza,melodia,11/4/17
Melospiza,melodia,4/6/18
Melospiza,melodia,4/1/18
Melospiza,melodia,4/1/18
Melospiza,melodia,4/1/18
Melospiza,melodia,4/5/18
Melospiza,melodia,4/8/18
Melospiza,melodia,4/14/18
Melospiza,melodia,4/14/18
Melospiza,melodia,4/12/18
Melospiza,melodia,4/12/18
Melospiza,melodia,4/16/18
Melospiza,melodia,4/12/18
Melospiza,melodia,5/7/18
Melospiza,melodia,4/1/18
Melospiza,melodia,4/12/18
Melospiza,melodia,4/13/18
Melospiza,melodia,4/13/18
Melospiza,melodia,4/23/18
Melospiza,melodia,5/3/18
Melospiza,melodia,5/2/18
Mniotilta,varia,9/2/17
Mniotilta,varia,9/9/17
Mniotilta,varia,9/13/17
Mniotilta,varia,9/19/17
Mniotilta,varia,9/20/17
Mniotilta,varia,9/20/17
Mniotilta,varia,9/21/17
Mniotilta,varia,9/23/17
Mniotilta,varia,9/25/17
Mniotilta,varia,9/26/17
Mniotilta,varia,9/27/17
Mniotilta,varia,10/4/17
Mniotilta,varia,5/15/18
Mniotilta,varia,5/4/18
Mniotilta,varia,5/8/18
Mniotilta,varia,5/2/18
Mniotilta,varia,5/2/18
Mniotilta,varia,5/2/18
Mniotilta,varia,5/2/18
Mniotilta,varia,5/12/18
Mniotilta,varia,5/10/18
Mniotilta,varia,5/10/18
Mniotilta,varia,5/15/18
Mniotilta,varia,5/15/18
Mniotilta,varia,5/19/18
Mniotilta,varia,5/19/18
Mniotilta,varia,5/30/18
Oporornis,agilis,9/3/17
Oporornis,agilis,9/3/17
Oporornis,agilis,9/3/17
Oporornis,agilis,9/14/17
Oporornis,agilis,9/14/17
Oporornis,agilis,9/17/17
Oporornis,agilis,9/17/17
Oporornis,agilis,9/20/17
Oporornis,agilis,5/3/18
Oreothlypis,celata,10/13/17
Oreothlypis,celata,10/17/17
Oreothlypis,celata,10/21/17
Oreothlypis,celata,10/21/17
Oreothlypis,celata,10/21/17
Oreothlypis,celata,10/22/17
Oreothlypis,celata,10/22/17
Oreothlypis,celata,5/10/18
Oreothlypis,peregrina,9/2/17
Oreothlypis,peregrina,9/8/17
Oreothlypis,peregrina,9/9/17
Oreothlypis,peregrina,9/12/17
Oreothlypis,peregrina,9/12/17
Oreothlypis,peregrina,9/13/17
Oreothlypis,peregrina,9/13/17
Oreothlypis,peregrina,9/13/17
Oreothlypis,peregrina,9/15/17
Oreothlypis,peregrina,9/16/17
Oreothlypis,peregrina,9/17/17
Oreothlypis,peregrina,9/19/17
Oreothlypis,peregrina,9/19/17
Oreothlypis,peregrina,9/22/17
Oreothlypis,peregrina,9/20/17
Oreothlypis,peregrina,9/20/17
Oreothlypis,peregrina,9/21/17
Oreothlypis,peregrina,9/24/17
Oreothlypis,peregrina,9/25/17
Oreothlypis,peregrina,9/25/17
Oreothlypis,peregrina,9/25/17
Oreothlypis,peregrina,9/28/17
Oreothlypis,peregrina,9/29/17
Oreothlypis,peregrina,10/1/17
Oreothlypis,peregrina,10/3/17
Oreothlypis,peregrina,10/3/17
Oreothlypis,peregrina,10/6/17
Oreothlypis,peregrina,10/10/17
Oreothlypis,peregrina,10/12/17
Oreothlypis,peregrina,10/13/17
Oreothlypis,peregrina,10/13/17
Oreothlypis,peregrina,10/14/17
Oreothlypis,peregrina,10/14/17
Oreothlypis,peregrina,10/14/17
Oreothlypis,peregrina,10/15/17
Oreothlypis,peregrina,10/17/17
Oreothlypis,peregrina,10/18/17
Oreothlypis,peregrina,10/20/17
Oreothlypis,peregrina,5/12/18
Oreothlypis,peregrina,5/14/18
Oreothlypis,peregrina,5/14/18
Oreothlypis,peregrina,5/15/18
Oreothlypis,peregrina,5/15/18
Oreothlypis,peregrina,5/19/18
Oreothlypis,ruficapilla,9/2/17
Oreothlypis,ruficapilla,9/3/17
Oreothlypis,ruficapilla,9/6/17
Oreothlypis,ruficapilla,9/12/17
Oreothlypis,ruficapilla,9/16/17
Oreothlypis,ruficapilla,9/16/17
Oreothlypis,ruficapilla,9/17/17
Oreothlypis,ruficapilla,9/18/17
Oreothlypis,ruficapilla,9/17/17
Oreothlypis,ruficapilla,9/18/17
Oreothlypis,ruficapilla,9/19/17
Oreothlypis,ruficapilla,9/19/17
Oreothlypis,ruficapilla,9/19/17
Oreothlypis,ruficapilla,9/19/17
Oreothlypis,ruficapilla,9/19/17
Oreothlypis,ruficapilla,9/22/17
Oreothlypis,ruficapilla,9/22/17
Oreothlypis,ruficapilla,9/20/17
Oreothlypis,ruficapilla,9/21/17
Oreothlypis,ruficapilla,9/21/17
Oreothlypis,ruficapilla,9/21/17
Oreothlypis,ruficapilla,9/21/17
Oreothlypis,ruficapilla,9/23/17
Oreothlypis,ruficapilla,9/23/17
Oreothlypis,ruficapilla,9/27/17
Oreothlypis,ruficapilla,9/29/17
Oreothlypis,ruficapilla,9/29/17
Oreothlypis,ruficapilla,9/29/17
Oreothlypis,ruficapilla,10/1/17
Oreothlypis,ruficapilla,10/1/17
Oreothlypis,ruficapilla,10/1/17
Oreothlypis,ruficapilla,10/1/17
Oreothlypis,ruficapilla,10/1/17
Oreothlypis,ruficapilla,10/1/17
Oreothlypis,ruficapilla,10/1/17
Oreothlypis,ruficapilla,10/1/17
Oreothlypis,ruficapilla,10/2/17
Oreothlypis,ruficapilla,10/3/17
Oreothlypis,ruficapilla,10/3/17
Oreothlypis,ruficapilla,10/3/17
Oreothlypis,ruficapilla,10/5/17
Oreothlypis,ruficapilla,10/5/17
Oreothlypis,ruficapilla,10/5/17
Oreothlypis,ruficapilla,10/5/17
Oreothlypis,ruficapilla,10/6/17
Oreothlypis,ruficapilla,10/10/17
Oreothlypis,ruficapilla,10/10/17
Oreothlypis,ruficapilla,10/10/17
Oreothlypis,ruficapilla,10/11/17
Oreothlypis,ruficapilla,10/11/17
Oreothlypis,ruficapilla,10/11/17
Oreothlypis,ruficapilla,10/11/17
Oreothlypis,ruficapilla,10/11/17
Oreothlypis,ruficapilla,10/12/17
Oreothlypis,ruficapilla,10/13/17
Oreothlypis,ruficapilla,10/13/17
Oreothlypis,ruficapilla,10/14/17
Oreothlypis,ruficapilla,10/17/17
Oreothlypis,ruficapilla,10/27/17
Oreothlypis,ruficapilla,10/27/17
Oreothlypis,ruficapilla,11/4/17
Oreothlypis,ruficapilla,11/10/17
Oreothlypis,ruficapilla,9/21/17
Oreothlypis,ruficapilla,9/21/17
Oreothlypis,ruficapilla,5/4/18
Oreothlypis,ruficapilla,5/4/18
Oreothlypis,ruficapilla,5/4/18
Oreothlypis,ruficapilla,5/6/18
Oreothlypis,ruficapilla,5/2/18
Oreothlypis,ruficapilla,5/14/18
Parkesia,noveboracensis,9/18/17
Parkesia,noveboracensis,9/24/17
Parkesia,noveboracensis,5/4/18
Parkesia,noveboracensis,5/2/18
Parkesia,noveboracensis,5/10/18
Parkesia,noveboracensis,5/10/18
Passerculus,sandwichensis,10/1/17
Passerculus,sandwichensis,10/27/17
Passerella,iliaca,10/20/17
Passerella,iliaca,10/22/17
Passerella,iliaca,10/26/17
Passerella,iliaca,4/1/18
Passerella,iliaca,4/12/18
Passerella,iliaca,4/14/18
Passerella,iliaca,4/12/18
Passerella,iliaca,4/13/18
Passerella,iliaca,4/13/18
Passerella,iliaca,4/13/18
Passerina,cyanea,5/10/18
Passerina,cyanea,5/10/18
Passerina,cyanea,5/4/18
Passerina,cyanea,5/10/18
Passerina,cyanea,5/19/18
Passerina,cyanea,5/19/18
Passerina,cyanea,5/19/18
Passerina,cyanea,5/26/18
Pheucticus,ludovicianus,9/16/17
Pheucticus,ludovicianus,9/17/17
Pheucticus,ludovicianus,9/18/17
Pheucticus,ludovicianus,10/2/17
Pheucticus,ludovicianus,9/20/17
Pheucticus,ludovicianus,5/3/18
Pheucticus,ludovicianus,5/3/18
Pheucticus,ludovicianus,5/4/18
Pipilo,erythrophthalmus,4/21/18
Pipilo,erythrophthalmus,4/16/18
Pipilo,erythrophthalmus,5/1/18
Pipilo,erythrophthalmus,4/26/18
Pipilo,erythrophthalmus,5/9/18
Regulus,calendula,10/6/17
Regulus,calendula,10/14/17
Regulus,calendula,10/15/17
Regulus,calendula,10/16/17
Regulus,calendula,10/16/17
Regulus,calendula,10/16/17
Regulus,calendula,10/16/17
Regulus,calendula,10/17/17
Regulus,calendula,10/17/17
Regulus,calendula,10/17/17
Regulus,calendula,10/17/17
Regulus,calendula,10/19/17
Regulus,calendula,10/20/17
Regulus,calendula,10/26/17
Regulus,calendula,10/26/17
Regulus,calendula,10/26/17
Regulus,calendula,10/26/17
Regulus,calendula,10/26/17
Regulus,calendula,10/26/17
Regulus,calendula,10/27/17
Regulus,calendula,10/27/17
Regulus,calendula,10/31/17
Regulus,calendula,10/31/17
Regulus,calendula,11/2/17
Regulus,calendula,11/2/17
Regulus,calendula,11/5/17
Regulus,calendula,5/1/18
Regulus,calendula,4/30/18
Regulus,calendula,4/27/18
Regulus,calendula,4/27/18
Regulus,calendula,4/30/18
Regulus,calendula,5/2/18
Regulus,calendula,5/15/18
Regulus,satrapa,9/28/17
Regulus,satrapa,10/5/17
Regulus,satrapa,10/5/17
Regulus,satrapa,10/5/17
Regulus,satrapa,10/5/17
Regulus,satrapa,10/5/17
Regulus,satrapa,10/7/17
Regulus,satrapa,10/7/17
Regulus,satrapa,10/10/17
Regulus,satrapa,10/10/17
Regulus,satrapa,10/10/17
Regulus,satrapa,10/10/17
Regulus,satrapa,10/10/17
Regulus,satrapa,10/10/17
Regulus,satrapa,10/10/17
Regulus,satrapa,10/10/17
Regulus,satrapa,10/11/17
Regulus,satrapa,10/11/17
Regulus,satrapa,10/11/17
Regulus,satrapa,10/11/17
Regulus,satrapa,10/11/17
Regulus,satrapa,10/11/17
Regulus,satrapa,10/12/17
Regulus,satrapa,10/12/17
Regulus,satrapa,10/12/17
Regulus,satrapa,10/12/17
Regulus,satrapa,10/12/17
Regulus,satrapa,10/12/17
Regulus,satrapa,10/12/17
Regulus,satrapa,10/13/17
Regulus,satrapa,10/13/17
Regulus,satrapa,10/14/17
Regulus,satrapa,10/14/17
Regulus,satrapa,10/14/17
Regulus,satrapa,10/14/17
Regulus,satrapa,10/14/17
Regulus,satrapa,10/14/17
Regulus,satrapa,10/15/17
Regulus,satrapa,10/15/17
Regulus,satrapa,10/15/17
Regulus,satrapa,10/15/17
Regulus,satrapa,10/15/17
Regulus,satrapa,10/16/17
Regulus,satrapa,10/16/17
Regulus,satrapa,10/16/17
Regulus,satrapa,10/16/17
Regulus,satrapa,10/16/17
Regulus,satrapa,10/16/17
Regulus,satrapa,10/16/17
Regulus,satrapa,10/16/17
Regulus,satrapa,10/16/17
Regulus,satrapa,10/16/17
Regulus,satrapa,10/16/17
Regulus,satrapa,10/16/17
Regulus,satrapa,10/16/17
Regulus,satrapa,10/16/17
Regulus,satrapa,10/16/17
Regulus,satrapa,10/16/17
Regulus,satrapa,10/16/17
Regulus,satrapa,10/16/17
Regulus,satrapa,10/17/17
Regulus,satrapa,10/17/17
Regulus,satrapa,10/17/17
Regulus,satrapa,10/17/17
Regulus,satrapa,10/17/17
Regulus,satrapa,10/17/17
Regulus,satrapa,10/18/17
Regulus,satrapa,10/18/17
Regulus,satrapa,10/18/17
Regulus,satrapa,10/18/17
Regulus,satrapa,10/18/17
Regulus,satrapa,10/19/17
Regulus,satrapa,10/19/17
Regulus,satrapa,10/19/17
Regulus,satrapa,10/19/17
Regulus,satrapa,10/19/17
Regulus,satrapa,10/20/17
Regulus,satrapa,10/21/17
Regulus,satrapa,10/23/17
Regulus,satrapa,10/26/17
Regulus,satrapa,10/26/17
Regulus,satrapa,10/26/17
Regulus,satrapa,10/26/17
Regulus,satrapa,10/26/17
Regulus,satrapa,10/26/17
Regulus,satrapa,10/26/17
Regulus,satrapa,10/26/17
Regulus,satrapa,10/26/17
Regulus,satrapa,10/26/17
Regulus,satrapa,10/26/17
Regulus,satrapa,10/26/17
Regulus,satrapa,10/26/17
Regulus,satrapa,10/26/17
Regulus,satrapa,10/26/17
Regulus,satrapa,10/26/17
Regulus,satrapa,10/26/17
Regulus,satrapa,10/26/17
Regulus,satrapa,10/26/17
Regulus,satrapa,10/27/17
Regulus,satrapa,10/27/17
Regulus,satrapa,10/27/17
Regulus,satrapa,10/27/17
Regulus,satrapa,10/27/17
Regulus,satrapa,10/29/17
Regulus,satrapa,10/29/17
Regulus,satrapa,10/29/17
Regulus,satrapa,10/29/17
Regulus,satrapa,10/29/17
Regulus,satrapa,10/29/17
Regulus,satrapa,10/30/17
Regulus,satrapa,10/30/17
Regulus,satrapa,10/30/17
Regulus,satrapa,10/30/17
Regulus,satrapa,10/30/17
Regulus,satrapa,10/30/17
Regulus,satrapa,10/30/17
Regulus,satrapa,10/30/17
Regulus,satrapa,10/30/17
Regulus,satrapa,10/30/17
Regulus,satrapa,10/30/17
Regulus,satrapa,10/30/17
Regulus,satrapa,10/30/17
Regulus,satrapa,10/30/17
Regulus,satrapa,10/30/17
Regulus,satrapa,10/31/17
Regulus,satrapa,10/31/17
Regulus,satrapa,10/31/17
Regulus,satrapa,10/30/17
Regulus,satrapa,11/1/17
Regulus,satrapa,11/1/17
Regulus,satrapa,11/1/17
Regulus,satrapa,11/1/17
Regulus,satrapa,11/1/17
Regulus,satrapa,11/1/17
Regulus,satrapa,11/1/17
Regulus,satrapa,11/1/17
Regulus,satrapa,11/1/17
Regulus,satrapa,11/1/17
Regulus,satrapa,11/1/17
Regulus,satrapa,11/2/17
Regulus,satrapa,11/3/17
Regulus,satrapa,11/4/17
Regulus,satrapa,11/4/17
Regulus,satrapa,11/5/17
Regulus,satrapa,11/7/17
Regulus,satrapa,10/11/17
Regulus,satrapa,10/19/17
Regulus,satrapa,11/1/17
Regulus,satrapa,4/12/18
Regulus,satrapa,4/14/18
Regulus,satrapa,4/14/18
Regulus,satrapa,4/14/18
Regulus,satrapa,4/14/18
Regulus,satrapa,4/14/18
Regulus,satrapa,4/23/18
Regulus,satrapa,4/23/18
Regulus,satrapa,4/14/18
Regulus,satrapa,4/12/18
Regulus,satrapa,4/12/18
Regulus,satrapa,4/12/18
Regulus,satrapa,4/27/18
Regulus,satrapa,4/13/18
Regulus,satrapa,4/13/18
Regulus,satrapa,4/13/18
Regulus,satrapa,4/27/18
Regulus,satrapa,4/27/18
Sayornis,phoebe,10/14/17
Seiurus,aurocapilla,9/1/17
Seiurus,aurocapilla,9/4/17
Seiurus,aurocapilla,9/6/17
Seiurus,aurocapilla,9/8/17
Seiurus,aurocapilla,9/8/17
Seiurus,aurocapilla,9/12/17
Seiurus,aurocapilla,9/12/17
Seiurus,aurocapilla,9/13/17
Seiurus,aurocapilla,9/13/17
Seiurus,aurocapilla,9/15/17
Seiurus,aurocapilla,9/15/17
Seiurus,aurocapilla,9/15/17
Seiurus,aurocapilla,9/16/17
Seiurus,aurocapilla,9/17/17
Seiurus,aurocapilla,9/17/17
Seiurus,aurocapilla,9/18/17
Seiurus,aurocapilla,9/18/17
Seiurus,aurocapilla,9/19/17
Seiurus,aurocapilla,9/19/17
Seiurus,aurocapilla,9/19/17
Seiurus,aurocapilla,9/22/17
Seiurus,aurocapilla,9/22/17
Seiurus,aurocapilla,9/22/17
Seiurus,aurocapilla,9/22/17
Seiurus,aurocapilla,9/20/17
Seiurus,aurocapilla,9/20/17
Seiurus,aurocapilla,9/20/17
Seiurus,aurocapilla,9/20/17
Seiurus,aurocapilla,9/20/17
Seiurus,aurocapilla,9/20/17
Seiurus,aurocapilla,9/20/17
Seiurus,aurocapilla,9/23/17
Seiurus,aurocapilla,9/23/17
Seiurus,aurocapilla,9/23/17
Seiurus,aurocapilla,9/23/17
Seiurus,aurocapilla,9/23/17
Seiurus,aurocapilla,9/24/17
Seiurus,aurocapilla,9/25/17
Seiurus,aurocapilla,9/25/17
Seiurus,aurocapilla,9/25/17
Seiurus,aurocapilla,9/25/17
Seiurus,aurocapilla,9/26/17
Seiurus,aurocapilla,9/26/17
Seiurus,aurocapilla,9/27/17
Seiurus,aurocapilla,9/28/17
Seiurus,aurocapilla,9/29/17
Seiurus,aurocapilla,10/2/17
Seiurus,aurocapilla,10/2/17
Seiurus,aurocapilla,10/2/17
Seiurus,aurocapilla,10/2/17
Seiurus,aurocapilla,10/2/17
Seiurus,aurocapilla,10/5/17
Seiurus,aurocapilla,10/7/17
Seiurus,aurocapilla,10/7/17
Seiurus,aurocapilla,10/10/17
Seiurus,aurocapilla,10/13/17
Seiurus,aurocapilla,10/15/17
Seiurus,aurocapilla,10/16/17
Seiurus,aurocapilla,9/21/17
Seiurus,aurocapilla,9/25/17
Seiurus,aurocapilla,5/12/18
Seiurus,aurocapilla,5/2/18
Seiurus,aurocapilla,5/2/18
Seiurus,aurocapilla,5/19/18
Seiurus,aurocapilla,5/10/18
Seiurus,aurocapilla,5/19/18
Seiurus,aurocapilla,5/2/18
Seiurus,aurocapilla,5/10/18
Seiurus,aurocapilla,5/15/18
Seiurus,aurocapilla,5/3/18
Seiurus,aurocapilla,5/4/18
Seiurus,aurocapilla,5/4/18
Seiurus,aurocapilla,5/5/18
Seiurus,aurocapilla,5/6/18
Seiurus,aurocapilla,5/6/18
Seiurus,aurocapilla,5/6/18
Seiurus,aurocapilla,5/5/18
Seiurus,aurocapilla,5/6/18
Seiurus,aurocapilla,5/8/18
Seiurus,aurocapilla,5/7/18
Seiurus,aurocapilla,5/2/18
Seiurus,aurocapilla,5/2/18
Seiurus,aurocapilla,5/12/18
Seiurus,aurocapilla,5/12/18
Seiurus,aurocapilla,5/12/18
Seiurus,aurocapilla,5/12/18
Seiurus,aurocapilla,5/12/18
Seiurus,aurocapilla,5/14/18
Seiurus,aurocapilla,5/14/18
Seiurus,aurocapilla,5/10/18
Seiurus,aurocapilla,5/10/18
Seiurus,aurocapilla,5/10/18
Seiurus,aurocapilla,5/10/18
Seiurus,aurocapilla,5/10/18
Seiurus,aurocapilla,5/10/18
Seiurus,aurocapilla,5/15/18
Seiurus,aurocapilla,5/15/18
Seiurus,aurocapilla,5/15/18
Seiurus,aurocapilla,5/15/18
Seiurus,aurocapilla,5/15/18
Seiurus,aurocapilla,5/15/18
Seiurus,aurocapilla,5/11/18
Seiurus,aurocapilla,5/19/18
Seiurus,aurocapilla,5/17/18
Seiurus,aurocapilla,5/19/18
Seiurus,aurocapilla,5/22/18
Seiurus,aurocapilla,5/22/18
Seiurus,aurocapilla,5/22/18
Seiurus,aurocapilla,5/22/18
Seiurus,aurocapilla,5/19/18
Seiurus,aurocapilla,5/25/18
Seiurus,aurocapilla,5/23/18
Seiurus,aurocapilla,5/27/18
Setophaga,americana,9/16/17
Setophaga,americana,9/24/17
Setophaga,americana,9/27/17
Setophaga,americana,9/29/17
Setophaga,americana,10/2/17
Setophaga,americana,10/7/17
Setophaga,americana,10/10/17
Setophaga,americana,10/11/17
Setophaga,americana,5/15/18
Setophaga,americana,5/10/18
Setophaga,americana,5/14/18
Setophaga,americana,5/12/18
Setophaga,americana,5/15/18
Setophaga,americana,5/15/18
Setophaga,americana,5/15/18
Setophaga,americana,5/15/18
Setophaga,americana,5/22/18
Setophaga,americana,5/22/18
Setophaga,americana,5/22/18
Setophaga,americana,5/3/18
Setophaga,americana,5/4/18
Setophaga,americana,5/10/18
Setophaga,caerulescens,9/1/17
Setophaga,caerulescens,9/14/17
Setophaga,caerulescens,9/19/17
Setophaga,caerulescens,9/22/17
Setophaga,caerulescens,9/20/17
Setophaga,caerulescens,9/26/17
Setophaga,caerulescens,9/26/17
Setophaga,caerulescens,9/29/17
Setophaga,caerulescens,10/2/17
Setophaga,caerulescens,10/3/17
Setophaga,caerulescens,10/5/17
Setophaga,caerulescens,10/5/17
Setophaga,caerulescens,10/10/17
Setophaga,caerulescens,10/10/17
Setophaga,caerulescens,5/10/18
Setophaga,caerulescens,5/19/18
Setophaga,castanea,9/1/17
Setophaga,castanea,9/1/17
Setophaga,castanea,9/1/17
Setophaga,castanea,9/2/17
Setophaga,castanea,9/2/17
Setophaga,castanea,9/4/17
Setophaga,castanea,9/6/17
Setophaga,castanea,9/6/17
Setophaga,castanea,9/11/17
Setophaga,castanea,9/11/17
Setophaga,castanea,9/12/17
Setophaga,castanea,9/13/17
Setophaga,castanea,9/13/17
Setophaga,castanea,9/13/17
Setophaga,castanea,9/14/17
Setophaga,castanea,9/14/17
Setophaga,castanea,9/15/17
Setophaga,castanea,9/15/17
Setophaga,castanea,9/16/17
Setophaga,castanea,9/16/17
Setophaga,castanea,9/17/17
Setophaga,castanea,9/17/17
Setophaga,castanea,9/17/17
Setophaga,castanea,9/17/17
Setophaga,castanea,9/17/17
Setophaga,castanea,9/17/17
Setophaga,castanea,9/17/17
Setophaga,castanea,9/17/17
Setophaga,castanea,9/17/17
Setophaga,castanea,9/17/17
Setophaga,castanea,9/18/17
Setophaga,castanea,9/17/17
Setophaga,castanea,9/17/17
Setophaga,castanea,9/17/17
Setophaga,castanea,9/17/17
Setophaga,castanea,9/17/17
Setophaga,castanea,9/17/17
Setophaga,castanea,9/17/17
Setophaga,castanea,9/17/17
Setophaga,castanea,9/17/17
Setophaga,castanea,9/18/17
Setophaga,castanea,9/19/17
Setophaga,castanea,9/19/17
Setophaga,castanea,9/22/17
Setophaga,castanea,9/22/17
Setophaga,castanea,9/20/17
Setophaga,castanea,9/20/17
Setophaga,castanea,9/21/17
Setophaga,castanea,9/23/17
Setophaga,castanea,9/25/17
Setophaga,castanea,9/27/17
Setophaga,castanea,9/27/17
Setophaga,castanea,9/27/17
Setophaga,castanea,9/29/17
Setophaga,castanea,10/1/17
Setophaga,castanea,10/5/17
Setophaga,castanea,10/10/17
Setophaga,castanea,9/17/17
Setophaga,castanea,5/15/18
Setophaga,castanea,5/19/18
Setophaga,castanea,5/22/18
Setophaga,citrina,9/9/17
Setophaga,coronata,10/1/17
Setophaga,coronata,10/5/17
Setophaga,coronata,10/5/17
Setophaga,coronata,10/12/17
Setophaga,coronata,10/16/17
Setophaga,coronata,10/17/17
Setophaga,coronata,10/18/17
Setophaga,coronata,10/19/17
Setophaga,coronata,10/20/17
Setophaga,coronata,10/20/17
Setophaga,coronata,10/26/17
Setophaga,coronata,10/26/17
Setophaga,coronata,10/26/17
Setophaga,coronata,10/26/17
Setophaga,coronata,10/26/17
Setophaga,coronata,10/26/17
Setophaga,coronata,10/26/17
Setophaga,coronata,10/26/17
Setophaga,coronata,10/26/17
Setophaga,coronata,10/27/17
Setophaga,coronata,10/24/17
Setophaga,coronata,9/29/17
Setophaga,coronata,10/11/17
Setophaga,coronata,10/11/17
Setophaga,fusca,9/4/17
Setophaga,fusca,9/6/17
Setophaga,fusca,9/16/17
Setophaga,fusca,9/18/17
Setophaga,fusca,9/21/17
Setophaga,fusca,9/23/17
Setophaga,fusca,5/15/18
Setophaga,fusca,5/4/18
Setophaga,fusca,5/4/18
Setophaga,fusca,5/7/18
Setophaga,fusca,5/1/18
Setophaga,fusca,5/10/18
Setophaga,fusca,5/19/18
Setophaga,magnolia,9/1/17
Setophaga,magnolia,9/2/17
Setophaga,magnolia,9/6/17
Setophaga,magnolia,9/10/17
Setophaga,magnolia,9/9/17
Setophaga,magnolia,9/12/17
Setophaga,magnolia,9/14/17
Setophaga,magnolia,9/15/17
Setophaga,magnolia,9/15/17
Setophaga,magnolia,9/16/17
Setophaga,magnolia,9/16/17
Setophaga,magnolia,9/16/17
Setophaga,magnolia,9/17/17
Setophaga,magnolia,9/17/17
Setophaga,magnolia,9/17/17
Setophaga,magnolia,9/18/17
Setophaga,magnolia,9/19/17
Setophaga,magnolia,9/19/17
Setophaga,magnolia,9/19/17
Setophaga,magnolia,9/19/17
Setophaga,magnolia,9/22/17
Setophaga,magnolia,9/22/17
Setophaga,magnolia,9/20/17
Setophaga,magnolia,9/20/17
Setophaga,magnolia,9/20/17
Setophaga,magnolia,9/21/17
Setophaga,magnolia,9/23/17
Setophaga,magnolia,9/23/17
Setophaga,magnolia,9/24/17
Setophaga,magnolia,9/25/17
Setophaga,magnolia,9/25/17
Setophaga,magnolia,9/25/17
Setophaga,magnolia,9/25/17
Setophaga,magnolia,9/26/17
Setophaga,magnolia,9/28/17
Setophaga,magnolia,9/29/17
Setophaga,magnolia,10/2/17
Setophaga,magnolia,5/10/18
Setophaga,magnolia,5/11/18
Setophaga,magnolia,5/15/18
Setophaga,magnolia,5/24/18
Setophaga,magnolia,5/14/18
Setophaga,magnolia,5/10/18
Setophaga,magnolia,5/15/18
Setophaga,magnolia,5/15/18
Setophaga,magnolia,5/15/18
Setophaga,magnolia,5/19/18
Setophaga,magnolia,5/19/18
Setophaga,magnolia,5/19/18
Setophaga,magnolia,5/19/18
Setophaga,magnolia,5/22/18
Setophaga,magnolia,5/22/18
Setophaga,magnolia,5/19/18
Setophaga,magnolia,5/22/18
Setophaga,palmarum,9/13/17
Setophaga,palmarum,9/13/17
Setophaga,palmarum,9/15/17
Setophaga,palmarum,9/19/17
Setophaga,palmarum,9/22/17
Setophaga,palmarum,9/27/17
Setophaga,palmarum,9/27/17
Setophaga,palmarum,10/1/17
Setophaga,palmarum,10/2/17
Setophaga,palmarum,10/5/17
Setophaga,palmarum,10/11/17
Setophaga,palmarum,10/13/17
Setophaga,palmarum,5/9/18
Setophaga,palmarum,5/5/18
Setophaga,palmarum,5/2/18
Setophaga,pensylvanica,9/6/17
Setophaga,pensylvanica,9/6/17
Setophaga,pensylvanica,9/15/17
Setophaga,pensylvanica,9/23/17
Setophaga,pensylvanica,9/25/17
Setophaga,pensylvanica,9/3/17
Setophaga,pensylvanica,5/15/18
Setophaga,pensylvanica,5/10/18
Setophaga,pensylvanica,5/15/18
Setophaga,pensylvanica,5/16/18
Setophaga,petechia,9/17/17
Setophaga,petechia,9/22/17
Setophaga,petechia,9/26/17
Setophaga,petechia,5/12/18
Setophaga,petechia,5/10/18
Setophaga,petechia,5/16/18
Setophaga,pinus,10/5/17
Setophaga,pinus,10/10/17
Setophaga,ruticilla,9/1/17
Setophaga,ruticilla,9/2/17
Setophaga,ruticilla,9/9/17
Setophaga,ruticilla,9/16/17
Setophaga,ruticilla,9/15/17
Setophaga,ruticilla,9/19/17
Setophaga,ruticilla,9/19/17
Setophaga,ruticilla,9/19/17
Setophaga,ruticilla,9/20/17
Setophaga,ruticilla,9/20/17
Setophaga,ruticilla,9/25/17
Setophaga,ruticilla,9/25/17
Setophaga,ruticilla,9/25/17
Setophaga,ruticilla,9/27/17
Setophaga,ruticilla,9/27/17
Setophaga,ruticilla,10/2/17
Setophaga,striata,9/1/17
Setophaga,striata,9/5/17
Setophaga,striata,9/11/17
Setophaga,striata,9/11/17
Setophaga,striata,9/13/17
Setophaga,striata,9/13/17
Setophaga,striata,9/13/17
Setophaga,striata,9/14/17
Setophaga,striata,9/14/17
Setophaga,striata,9/14/17
Setophaga,striata,9/14/17
Setophaga,striata,9/14/17
Setophaga,striata,9/14/17
Setophaga,striata,9/14/17
Setophaga,striata,9/14/17
Setophaga,striata,9/14/17
Setophaga,striata,9/14/17
Setophaga,striata,9/14/17
Setophaga,striata,9/14/17
Setophaga,striata,9/14/17
Setophaga,striata,9/15/17
Setophaga,striata,9/16/17
Setophaga,striata,9/18/17
Setophaga,striata,9/17/17
Setophaga,striata,9/19/17
Setophaga,striata,9/19/17
Setophaga,striata,9/22/17
Setophaga,striata,9/22/17
Setophaga,striata,9/20/17
Setophaga,striata,9/21/17
Setophaga,striata,9/21/17
Setophaga,striata,9/21/17
Setophaga,striata,9/24/17
Setophaga,striata,9/25/17
Setophaga,striata,9/26/17
Setophaga,striata,9/26/17
Setophaga,striata,9/27/17
Setophaga,striata,9/29/17
Setophaga,striata,10/1/17
Setophaga,striata,10/4/17
Setophaga,striata,10/4/17
Setophaga,striata,10/7/17
Setophaga,striata,10/8/17
Setophaga,striata,10/12/17
Setophaga,striata,10/12/17
Setophaga,striata,10/12/17
Setophaga,striata,9/20/17
Setophaga,striata,9/23/17
Setophaga,striata,10/9/17
Setophaga,striata,5/10/18
Setophaga,striata,5/22/18
Setophaga,tigrina,9/15/17
Setophaga,tigrina,9/16/17
Setophaga,tigrina,9/16/17
Setophaga,tigrina,9/17/17
Setophaga,tigrina,9/17/17
Setophaga,tigrina,9/19/17
Setophaga,tigrina,9/20/17
Setophaga,tigrina,5/15/18
Setophaga,virens,9/18/17
Setophaga,virens,9/23/17
Setophaga,virens,9/25/17
Setophaga,virens,9/25/17
Setophaga,virens,9/27/17
Setophaga,virens,9/29/17
Setophaga,virens,9/29/17
Setophaga,virens,10/1/17
Setophaga,virens,10/1/17
Setophaga,virens,10/3/17
Setophaga,virens,10/10/17
Setophaga,virens,10/11/17
Setophaga,virens,10/15/17
Setophaga,virens,5/22/18
Setophaga,virens,5/4/18
Sitta,canadensis,9/4/17
Sitta,canadensis,10/29/17
Sphyrapicus,varius,9/28/17
Sphyrapicus,varius,10/2/17
Sphyrapicus,varius,10/10/17
Sphyrapicus,varius,10/10/17
Sphyrapicus,varius,10/10/17
Sphyrapicus,varius,10/11/17
Sphyrapicus,varius,10/11/17
Sphyrapicus,varius,10/26/17
Sphyrapicus,varius,11/5/17
Sphyrapicus,varius,4/13/18
Sphyrapicus,varius,4/8/18
Sphyrapicus,varius,4/14/18
Sphyrapicus,varius,4/14/18
Sphyrapicus,varius,4/13/18
Sphyrapicus,varius,4/12/18
Sphyrapicus,varius,4/12/18
Sphyrapicus,varius,4/12/18
Sphyrapicus,varius,4/13/18
Sphyrapicus,varius,4/13/18
Sphyrapicus,varius,4/13/18
Sphyrapicus,varius,4/12/18
Spizella,pusilla,10/16/17
Spizella,pusilla,10/23/17
Spizella,pusilla,10/26/17
Spizella,pusilla,11/4/17
Spizella,pusilla,4/13/18
Spizella,pusilla,4/13/18
Spizelloides,arborea,11/4/17
Spizelloides,arborea,11/4/17
Toxostoma,rufum,9/25/17
Toxostoma,rufum,4/27/18
Toxostoma,rufum,5/4/18
Toxostoma,rufum,5/5/18
Toxostoma,rufum,5/8/18
Troglodytes,aedon,9/21/17
Troglodytes,aedon,9/30/17
Troglodytes,aedon,10/3/17
Troglodytes,aedon,10/16/17
Troglodytes,aedon,10/26/17
Troglodytes,aedon,10/26/17
Troglodytes,aedon,10/26/17
Troglodytes,aedon,5/5/18
Troglodytes,aedon,5/15/18
Troglodytes,aedon,5/15/18
Troglodytes,hiemalis,9/22/17
Troglodytes,hiemalis,9/27/17
Troglodytes,hiemalis,10/5/17
Troglodytes,hiemalis,10/5/17
Troglodytes,hiemalis,10/7/17
Troglodytes,hiemalis,10/11/17
Troglodytes,hiemalis,10/12/17
Troglodytes,hiemalis,10/15/17
Troglodytes,hiemalis,10/15/17
Troglodytes,hiemalis,10/16/17
Troglodytes,hiemalis,10/17/17
Troglodytes,hiemalis,10/20/17
Troglodytes,hiemalis,10/20/17
Troglodytes,hiemalis,10/22/17
Troglodytes,hiemalis,10/22/17
Troglodytes,hiemalis,10/26/17
Troglodytes,hiemalis,10/26/17
Troglodytes,hiemalis,10/26/17
Troglodytes,hiemalis,10/26/17
Troglodytes,hiemalis,10/26/17
Troglodytes,hiemalis,10/27/17
Troglodytes,hiemalis,10/29/17
Troglodytes,hiemalis,10/29/17
Troglodytes,hiemalis,10/29/17
Troglodytes,hiemalis,10/29/17
Troglodytes,hiemalis,10/30/17
Troglodytes,hiemalis,10/30/17
Troglodytes,hiemalis,10/30/17
Troglodytes,hiemalis,10/30/17
Troglodytes,hiemalis,10/30/17
Troglodytes,hiemalis,10/31/17
Troglodytes,hiemalis,11/1/17
Troglodytes,hiemalis,11/1/17
Troglodytes,hiemalis,11/5/17
Vireo,olivaceus,10/17/17
Vireo,olivaceus,5/10/18
Vireo,olivaceus,5/15/18
Vireo,philadelphicus,9/19/17
Zonotrichia,albicollis,9/23/17
Zonotrichia,albicollis,9/29/17
Zonotrichia,albicollis,9/29/17
Zonotrichia,albicollis,9/29/17
Zonotrichia,albicollis,9/29/17
Zonotrichia,albicollis,10/1/17
Zonotrichia,albicollis,10/2/17
Zonotrichia,albicollis,10/2/17
Zonotrichia,albicollis,10/3/17
Zonotrichia,albicollis,10/4/17
Zonotrichia,albicollis,10/5/17
Zonotrichia,albicollis,10/5/17
Zonotrichia,albicollis,10/5/17
Zonotrichia,albicollis,10/5/17
Zonotrichia,albicollis,10/5/17
Zonotrichia,albicollis,10/5/17
Zonotrichia,albicollis,10/5/17
Zonotrichia,albicollis,10/5/17
Zonotrichia,albicollis,10/5/17
Zonotrichia,albicollis,10/5/17
Zonotrichia,albicollis,10/5/17
Zonotrichia,albicollis,10/5/17
Zonotrichia,albicollis,10/5/17
Zonotrichia,albicollis,10/5/17
Zonotrichia,albicollis,10/5/17
Zonotrichia,albicollis,10/5/17
Zonotrichia,albicollis,10/5/17
Zonotrichia,albicollis,10/6/17
Zonotrichia,albicollis,10/6/17
Zonotrichia,albicollis,10/6/17
Zonotrichia,albicollis,10/6/17
Zonotrichia,albicollis,10/6/17
Zonotrichia,albicollis,10/6/17
Zonotrichia,albicollis,10/6/17
Zonotrichia,albicollis,10/6/17
Zonotrichia,albicollis,10/7/17
Zonotrichia,albicollis,10/8/17
Zonotrichia,albicollis,10/9/17
Zonotrichia,albicollis,10/10/17
Zonotrichia,albicollis,10/10/17
Zonotrichia,albicollis,10/10/17
Zonotrichia,albicollis,10/10/17
Zonotrichia,albicollis,10/10/17
Zonotrichia,albicollis,10/10/17
Zonotrichia,albicollis,10/10/17
Zonotrichia,albicollis,10/10/17
Zonotrichia,albicollis,10/10/17
Zonotrichia,albicollis,10/10/17
Zonotrichia,albicollis,10/10/17
Zonotrichia,albicollis,10/10/17
Zonotrichia,albicollis,10/10/17
Zonotrichia,albicollis,10/10/17
Zonotrichia,albicollis,10/10/17
Zonotrichia,albicollis,10/10/17
Zonotrichia,albicollis,10/10/17
Zonotrichia,albicollis,10/10/17
Zonotrichia,albicollis,10/10/17
Zonotrichia,albicollis,10/10/17
Zonotrichia,albicollis,10/10/17
Zonotrichia,albicollis,10/10/17
Zonotrichia,albicollis,10/10/17
Zonotrichia,albicollis,10/10/17
Zonotrichia,albicollis,10/10/17
Zonotrichia,albicollis,10/10/17
Zonotrichia,albicollis,10/10/17
Zonotrichia,albicollis,10/10/17
Zonotrichia,albicollis,10/10/17
Zonotrichia,albicollis,10/10/17
Zonotrichia,albicollis,10/10/17
Zonotrichia,albicollis,10/10/17
Zonotrichia,albicollis,10/10/17
Zonotrichia,albicollis,10/10/17
Zonotrichia,albicollis,10/10/17
Zonotrichia,albicollis,10/10/17
Zonotrichia,albicollis,10/10/17
Zonotrichia,albicollis,10/10/17
Zonotrichia,albicollis,10/10/17
Zonotrichia,albicollis,10/10/17
Zonotrichia,albicollis,10/10/17
Zonotrichia,albicollis,10/10/17
Zonotrichia,albicollis,10/10/17
Zonotrichia,albicollis,10/10/17
Zonotrichia,albicollis,10/10/17
Zonotrichia,albicollis,10/10/17
Zonotrichia,albicollis,10/10/17
Zonotrichia,albicollis,10/10/17
Zonotrichia,albicollis,10/10/17
Zonotrichia,albicollis,10/10/17
Zonotrichia,albicollis,10/10/17
Zonotrichia,albicollis,10/10/17
Zonotrichia,albicollis,10/10/17
Zonotrichia,albicollis,10/10/17
Zonotrichia,albicollis,10/10/17
Zonotrichia,albicollis,10/10/17
Zonotrichia,albicollis,10/10/17
Zonotrichia,albicollis,10/10/17
Zonotrichia,albicollis,10/10/17
Zonotrichia,albicollis,10/10/17
Zonotrichia,albicollis,10/10/17
Zonotrichia,albicollis,10/10/17
Zonotrichia,albicollis,10/10/17
Zonotrichia,albicollis,10/11/17
Zonotrichia,albicollis,10/11/17
Zonotrichia,albicollis,10/11/17
Zonotrichia,albicollis,10/11/17
Zonotrichia,albicollis,10/11/17
Zonotrichia,albicollis,10/11/17
Zonotrichia,albicollis,10/11/17
Zonotrichia,albicollis,10/11/17
Zonotrichia,albicollis,10/11/17
Zonotrichia,albicollis,10/11/17
Zonotrichia,albicollis,10/11/17
Zonotrichia,albicollis,10/11/17
Zonotrichia,albicollis,10/11/17
Zonotrichia,albicollis,10/11/17
Zonotrichia,albicollis,10/11/17
Zonotrichia,albicollis,10/11/17
Zonotrichia,albicollis,10/11/17
Zonotrichia,albicollis,10/11/17
Zonotrichia,albicollis,10/11/17
Zonotrichia,albicollis,10/11/17
Zonotrichia,albicollis,10/11/17
Zonotrichia,albicollis,10/11/17
Zonotrichia,albicollis,10/11/17
Zonotrichia,albicollis,10/11/17
Zonotrichia,albicollis,10/11/17
Zonotrichia,albicollis,10/11/17
Zonotrichia,albicollis,10/11/17
Zonotrichia,albicollis,10/11/17
Zonotrichia,albicollis,10/11/17
Zonotrichia,albicollis,10/11/17
Zonotrichia,albicollis,10/11/17
Zonotrichia,albicollis,10/11/17
Zonotrichia,albicollis,10/11/17
Zonotrichia,albicollis,10/11/17
Zonotrichia,albicollis,10/12/17
Zonotrichia,albicollis,10/12/17
Zonotrichia,albicollis,10/12/17
Zonotrichia,albicollis,10/12/17
Zonotrichia,albicollis,10/12/17
Zonotrichia,albicollis,10/12/17
Zonotrichia,albicollis,10/12/17
Zonotrichia,albicollis,10/12/17
Zonotrichia,albicollis,10/12/17
Zonotrichia,albicollis,10/12/17
Zonotrichia,albicollis,10/12/17
Zonotrichia,albicollis,10/12/17
Zonotrichia,albicollis,10/13/17
Zonotrichia,albicollis,10/13/17
Zonotrichia,albicollis,10/13/17
Zonotrichia,albicollis,10/13/17
Zonotrichia,albicollis,10/13/17
Zonotrichia,albicollis,10/13/17
Zonotrichia,albicollis,10/13/17
Zonotrichia,albicollis,10/14/17
Zonotrichia,albicollis,10/14/17
Zonotrichia,albicollis,10/14/17
Zonotrichia,albicollis,10/14/17
Zonotrichia,albicollis,10/14/17
Zonotrichia,albicollis,10/14/17
Zonotrichia,albicollis,10/14/17
Zonotrichia,albicollis,10/14/17
Zonotrichia,albicollis,10/15/17
Zonotrichia,albicollis,10/15/17
Zonotrichia,albicollis,10/15/17
Zonotrichia,albicollis,10/15/17
Zonotrichia,albicollis,10/16/17
Zonotrichia,albicollis,10/16/17
Zonotrichia,albicollis,10/16/17
Zonotrichia,albicollis,10/16/17
Zonotrichia,albicollis,10/16/17
Zonotrichia,albicollis,10/16/17
Zonotrichia,albicollis,10/16/17
Zonotrichia,albicollis,10/16/17
Zonotrichia,albicollis,10/16/17
Zonotrichia,albicollis,10/16/17
Zonotrichia,albicollis,10/16/17
Zonotrichia,albicollis,10/16/17
Zonotrichia,albicollis,10/16/17
Zonotrichia,albicollis,10/16/17
Zonotrichia,albicollis,10/16/17
Zonotrichia,albicollis,10/16/17
Zonotrichia,albicollis,10/16/17
Zonotrichia,albicollis,10/16/17
Zonotrichia,albicollis,10/16/17
Zonotrichia,albicollis,10/16/17
Zonotrichia,albicollis,10/16/17
Zonotrichia,albicollis,10/16/17
Zonotrichia,albicollis,10/16/17
Zonotrichia,albicollis,10/16/17
Zonotrichia,albicollis,10/16/17
Zonotrichia,albicollis,10/16/17
Zonotrichia,albicollis,10/16/17
Zonotrichia,albicollis,10/16/17
Zonotrichia,albicollis,10/16/17
Zonotrichia,albicollis,10/16/17
Zonotrichia,albicollis,10/16/17
Zonotrichia,albicollis,10/17/17
Zonotrichia,albicollis,10/17/17
Zonotrichia,albicollis,10/17/17
Zonotrichia,albicollis,10/17/17
Zonotrichia,albicollis,10/17/17
Zonotrichia,albicollis,10/17/17
Zonotrichia,albicollis,10/17/17
Zonotrichia,albicollis,10/17/17
Zonotrichia,albicollis,10/17/17
Zonotrichia,albicollis,10/17/17
Zonotrichia,albicollis,10/17/17
Zonotrichia,albicollis,10/17/17
Zonotrichia,albicollis,10/17/17
Zonotrichia,albicollis,10/17/17
Zonotrichia,albicollis,10/17/17
Zonotrichia,albicollis,10/18/17
Zonotrichia,albicollis,10/19/17
Zonotrichia,albicollis,10/19/17
Zonotrichia,albicollis,10/19/17
Zonotrichia,albicollis,10/19/17
Zonotrichia,albicollis,10/19/17
Zonotrichia,albicollis,10/20/17
Zonotrichia,albicollis,10/20/17
Zonotrichia,albicollis,10/20/17
Zonotrichia,albicollis,10/20/17
Zonotrichia,albicollis,10/20/17
Zonotrichia,albicollis,10/20/17
Zonotrichia,albicollis,10/20/17
Zonotrichia,albicollis,10/20/17
Zonotrichia,albicollis,10/20/17
Zonotrichia,albicollis,10/20/17
Zonotrichia,albicollis,10/20/17
Zonotrichia,albicollis,10/20/17
Zonotrichia,albicollis,10/20/17
Zonotrichia,albicollis,10/20/17
Zonotrichia,albicollis,10/20/17
Zonotrichia,albicollis,10/21/17
Zonotrichia,albicollis,10/21/17
Zonotrichia,albicollis,10/21/17
Zonotrichia,albicollis,10/22/17
Zonotrichia,albicollis,10/22/17
Zonotrichia,albicollis,10/22/17
Zonotrichia,albicollis,10/22/17
Zonotrichia,albicollis,10/23/17
Zonotrichia,albicollis,10/25/17
Zonotrichia,albicollis,10/26/17
Zonotrichia,albicollis,10/26/17
Zonotrichia,albicollis,10/26/17
Zonotrichia,albicollis,10/26/17
Zonotrichia,albicollis,10/26/17
Zonotrichia,albicollis,10/26/17
Zonotrichia,albicollis,10/26/17
Zonotrichia,albicollis,10/26/17
Zonotrichia,albicollis,10/26/17
Zonotrichia,albicollis,10/26/17
Zonotrichia,albicollis,10/26/17
Zonotrichia,albicollis,10/26/17
Zonotrichia,albicollis,10/26/17
Zonotrichia,albicollis,10/26/17
Zonotrichia,albicollis,10/26/17
Zonotrichia,albicollis,10/26/17
Zonotrichia,albicollis,10/26/17
Zonotrichia,albicollis,10/26/17
Zonotrichia,albicollis,10/26/17
Zonotrichia,albicollis,10/26/17
Zonotrichia,albicollis,10/26/17
Zonotrichia,albicollis,10/26/17
Zonotrichia,albicollis,10/26/17
Zonotrichia,albicollis,10/26/17
Zonotrichia,albicollis,10/26/17
Zonotrichia,albicollis,10/26/17
Zonotrichia,albicollis,10/26/17
Zonotrichia,albicollis,10/26/17
Zonotrichia,albicollis,10/26/17
Zonotrichia,albicollis,10/26/17
Zonotrichia,albicollis,10/26/17
Zonotrichia,albicollis,10/26/17
Zonotrichia,albicollis,10/26/17
Zonotrichia,albicollis,10/26/17
Zonotrichia,albicollis,10/26/17
Zonotrichia,albicollis,10/26/17
Zonotrichia,albicollis,10/26/17
Zonotrichia,albicollis,10/26/17
Zonotrichia,albicollis,10/26/17
Zonotrichia,albicollis,10/26/17
Zonotrichia,albicollis,10/26/17
Zonotrichia,albicollis,10/26/17
Zonotrichia,albicollis,10/26/17
Zonotrichia,albicollis,10/26/17
Zonotrichia,albicollis,10/26/17
Zonotrichia,albicollis,10/26/17
Zonotrichia,albicollis,10/26/17
Zonotrichia,albicollis,10/26/17
Zonotrichia,albicollis,10/26/17
Zonotrichia,albicollis,10/26/17
Zonotrichia,albicollis,10/26/17
Zonotrichia,albicollis,10/26/17
Zonotrichia,albicollis,10/26/17
Zonotrichia,albicollis,10/26/17
Zonotrichia,albicollis,10/26/17
Zonotrichia,albicollis,10/26/17
Zonotrichia,albicollis,10/26/17
Zonotrichia,albicollis,10/26/17
Zonotrichia,albicollis,10/26/17
Zonotrichia,albicollis,10/26/17
Zonotrichia,albicollis,10/26/17
Zonotrichia,albicollis,10/26/17
Zonotrichia,albicollis,10/26/17
Zonotrichia,albicollis,10/26/17
Zonotrichia,albicollis,10/26/17
Zonotrichia,albicollis,10/26/17
Zonotrichia,albicollis,10/26/17
Zonotrichia,albicollis,10/26/17
Zonotrichia,albicollis,10/26/17
Zonotrichia,albicollis,10/26/17
Zonotrichia,albicollis,10/26/17
Zonotrichia,albicollis,10/26/17
Zonotrichia,albicollis,10/26/17
Zonotrichia,albicollis,10/26/17
Zonotrichia,albicollis,10/26/17
Zonotrichia,albicollis,10/26/17
Zonotrichia,albicollis,10/26/17
Zonotrichia,albicollis,10/26/17
Zonotrichia,albicollis,10/26/17
Zonotrichia,albicollis,10/26/17
Zonotrichia,albicollis,10/26/17
Zonotrichia,albicollis,10/26/17
Zonotrichia,albicollis,10/26/17
Zonotrichia,albicollis,10/26/17
Zonotrichia,albicollis,10/26/17
Zonotrichia,albicollis,10/26/17
Zonotrichia,albicollis,10/26/17
Zonotrichia,albicollis,10/26/17
Zonotrichia,albicollis,10/26/17
Zonotrichia,albicollis,10/26/17
Zonotrichia,albicollis,10/26/17
Zonotrichia,albicollis,10/26/17
Zonotrichia,albicollis,10/26/17
Zonotrichia,albicollis,10/26/17
Zonotrichia,albicollis,10/26/17
Zonotrichia,albicollis,10/26/17
Zonotrichia,albicollis,10/26/17
Zonotrichia,albicollis,10/26/17
Zonotrichia,albicollis,10/26/17
Zonotrichia,albicollis,10/26/17
Zonotrichia,albicollis,10/26/17
Zonotrichia,albicollis,10/26/17
Zonotrichia,albicollis,10/26/17
Zonotrichia,albicollis,10/26/17
Zonotrichia,albicollis,10/26/17
Zonotrichia,albicollis,10/26/17
Zonotrichia,albicollis,10/26/17
Zonotrichia,albicollis,10/26/17
Zonotrichia,albicollis,10/26/17
Zonotrichia,albicollis,10/26/17
Zonotrichia,albicollis,10/26/17
Zonotrichia,albicollis,10/26/17
Zonotrichia,albicollis,10/26/17
Zonotrichia,albicollis,10/26/17
Zonotrichia,albicollis,10/26/17
Zonotrichia,albicollis,10/26/17
Zonotrichia,albicollis,10/26/17
Zonotrichia,albicollis,10/26/17
Zonotrichia,albicollis,10/26/17
Zonotrichia,albicollis,10/26/17
Zonotrichia,albicollis,10/26/17
Zonotrichia,albicollis,10/26/17
Zonotrichia,albicollis,10/26/17
Zonotrichia,albicollis,10/26/17
Zonotrichia,albicollis,10/26/17
Zonotrichia,albicollis,10/26/17
Zonotrichia,albicollis,10/26/17
Zonotrichia,albicollis,10/26/17
Zonotrichia,albicollis,10/26/17
Zonotrichia,albicollis,10/26/17
Zonotrichia,albicollis,10/26/17
Zonotrichia,albicollis,10/26/17
Zonotrichia,albicollis,10/26/17
Zonotrichia,albicollis,10/26/17
Zonotrichia,albicollis,10/26/17
Zonotrichia,albicollis,10/26/17
Zonotrichia,albicollis,10/26/17
Zonotrichia,albicollis,10/26/17
Zonotrichia,albicollis,10/26/17
Zonotrichia,albicollis,10/26/17
Zonotrichia,albicollis,10/26/17
Zonotrichia,albicollis,10/26/17
Zonotrichia,albicollis,10/26/17
Zonotrichia,albicollis,10/26/17
Zonotrichia,albicollis,10/26/17
Zonotrichia,albicollis,10/26/17
Zonotrichia,albicollis,10/26/17
Zonotrichia,albicollis,10/26/17
Zonotrichia,albicollis,10/27/17
Zonotrichia,albicollis,10/27/17
Zonotrichia,albicollis,10/27/17
Zonotrichia,albicollis,10/27/17
Zonotrichia,albicollis,10/27/17
Zonotrichia,albicollis,10/27/17
Zonotrichia,albicollis,10/27/17
Zonotrichia,albicollis,10/27/17
Zonotrichia,albicollis,10/27/17
Zonotrichia,albicollis,10/27/17
Zonotrichia,albicollis,10/27/17
Zonotrichia,albicollis,10/27/17
Zonotrichia,albicollis,10/27/17
Zonotrichia,albicollis,10/27/17
Zonotrichia,albicollis,10/27/17
Zonotrichia,albicollis,10/27/17
Zonotrichia,albicollis,10/27/17
Zonotrichia,albicollis,10/27/17
Zonotrichia,albicollis,10/27/17
Zonotrichia,albicollis,10/27/17
Zonotrichia,albicollis,10/27/17
Zonotrichia,albicollis,10/27/17
Zonotrichia,albicollis,10/27/17
Zonotrichia,albicollis,10/27/17
Zonotrichia,albicollis,10/27/17
Zonotrichia,albicollis,10/27/17
Zonotrichia,albicollis,10/27/17
Zonotrichia,albicollis,10/27/17
Zonotrichia,albicollis,10/27/17
Zonotrichia,albicollis,10/27/17
Zonotrichia,albicollis,10/27/17
Zonotrichia,albicollis,10/27/17
Zonotrichia,albicollis,10/27/17
Zonotrichia,albicollis,10/27/17
Zonotrichia,albicollis,10/27/17
Zonotrichia,albicollis,10/27/17
Zonotrichia,albicollis,10/27/17
Zonotrichia,albicollis,10/27/17
Zonotrichia,albicollis,10/27/17
Zonotrichia,albicollis,10/27/17
Zonotrichia,albicollis,10/27/17
Zonotrichia,albicollis,10/27/17
Zonotrichia,albicollis,10/27/17
Zonotrichia,albicollis,10/27/17
Zonotrichia,albicollis,10/27/17
Zonotrichia,albicollis,10/27/17
Zonotrichia,albicollis,10/27/17
Zonotrichia,albicollis,10/27/17
Zonotrichia,albicollis,10/27/17
Zonotrichia,albicollis,10/27/17
Zonotrichia,albicollis,10/27/17
Zonotrichia,albicollis,10/27/17
Zonotrichia,albicollis,10/27/17
Zonotrichia,albicollis,10/27/17
Zonotrichia,albicollis,10/27/17
Zonotrichia,albicollis,10/27/17
Zonotrichia,albicollis,10/27/17
Zonotrichia,albicollis,10/27/17
Zonotrichia,albicollis,10/28/17
Zonotrichia,albicollis,10/28/17
Zonotrichia,albicollis,10/28/17
Zonotrichia,albicollis,10/28/17
Zonotrichia,albicollis,10/28/17
Zonotrichia,albicollis,10/28/17
Zonotrichia,albicollis,10/28/17
Zonotrichia,albicollis,10/28/17
Zonotrichia,albicollis,10/28/17
Zonotrichia,albicollis,10/28/17
Zonotrichia,albicollis,10/24/17
Zonotrichia,albicollis,10/29/17
Zonotrichia,albicollis,10/29/17
Zonotrichia,albicollis,10/29/17
Zonotrichia,albicollis,10/29/17
Zonotrichia,albicollis,10/29/17
Zonotrichia,albicollis,10/29/17
Zonotrichia,albicollis,10/29/17
Zonotrichia,albicollis,10/29/17
Zonotrichia,albicollis,10/30/17
Zonotrichia,albicollis,10/30/17
Zonotrichia,albicollis,10/30/17
Zonotrichia,albicollis,10/30/17
Zonotrichia,albicollis,10/30/17
Zonotrichia,albicollis,10/30/17
Zonotrichia,albicollis,10/30/17
Zonotrichia,albicollis,10/30/17
Zonotrichia,albicollis,10/30/17
Zonotrichia,albicollis,10/30/17
Zonotrichia,albicollis,10/30/17
Zonotrichia,albicollis,10/30/17
Zonotrichia,albicollis,10/30/17
Zonotrichia,albicollis,10/30/17
Zonotrichia,albicollis,10/30/17
Zonotrichia,albicollis,10/30/17
Zonotrichia,albicollis,10/30/17
Zonotrichia,albicollis,10/30/17
Zonotrichia,albicollis,10/30/17
Zonotrichia,albicollis,10/30/17
Zonotrichia,albicollis,10/30/17
Zonotrichia,albicollis,10/30/17
Zonotrichia,albicollis,10/30/17
Zonotrichia,albicollis,10/30/17
Zonotrichia,albicollis,10/30/17
Zonotrichia,albicollis,10/30/17
Zonotrichia,albicollis,10/30/17
Zonotrichia,albicollis,10/31/17
Zonotrichia,albicollis,10/31/17
Zonotrichia,albicollis,10/31/17
Zonotrichia,albicollis,10/31/17
Zonotrichia,albicollis,10/31/17
Zonotrichia,albicollis,10/31/17
Zonotrichia,albicollis,10/31/17
Zonotrichia,albicollis,10/31/17
Zonotrichia,albicollis,11/1/17
Zonotrichia,albicollis,11/1/17
Zonotrichia,albicollis,11/1/17
Zonotrichia,albicollis,11/1/17
Zonotrichia,albicollis,11/1/17
Zonotrichia,albicollis,11/1/17
Zonotrichia,albicollis,11/2/17
Zonotrichia,albicollis,11/2/17
Zonotrichia,albicollis,11/2/17
Zonotrichia,albicollis,11/3/17
Zonotrichia,albicollis,11/3/17
Zonotrichia,albicollis,11/4/17
Zonotrichia,albicollis,11/4/17
Zonotrichia,albicollis,11/4/17
Zonotrichia,albicollis,11/4/17
Zonotrichia,albicollis,11/4/17
Zonotrichia,albicollis,11/4/17
Zonotrichia,albicollis,11/4/17
Zonotrichia,albicollis,11/4/17
Zonotrichia,albicollis,11/5/17
Zonotrichia,albicollis,11/6/17
Zonotrichia,albicollis,11/5/17
Zonotrichia,albicollis,11/5/17
Zonotrichia,albicollis,11/7/17
Zonotrichia,albicollis,9/28/17
Zonotrichia,albicollis,10/11/17
Zonotrichia,albicollis,10/11/17
Zonotrichia,albicollis,10/11/17
Zonotrichia,albicollis,10/11/17
Zonotrichia,albicollis,10/15/17
Zonotrichia,albicollis,10/24/17
Zonotrichia,albicollis,10/26/17
Zonotrichia,albicollis,10/26/17
Zonotrichia,albicollis,10/30/17
Zonotrichia,albicollis,10/31/17
Zonotrichia,albicollis,5/7/18
Zonotrichia,albicollis,5/10/18
Zonotrichia,albicollis,5/3/18
Zonotrichia,albicollis,5/8/18
Zonotrichia,albicollis,4/27/18
Zonotrichia,albicollis,5/7/18
Zonotrichia,albicollis,4/27/18
Zonotrichia,albicollis,5/14/18
Zonotrichia,albicollis,4/27/18
Zonotrichia,albicollis,4/27/18
Zonotrichia,albicollis,5/1/18
Zonotrichia,albicollis,5/1/18
Zonotrichia,albicollis,5/1/18
Zonotrichia,albicollis,5/1/18
Zonotrichia,albicollis,5/1/18
Zonotrichia,albicollis,5/1/18
Zonotrichia,albicollis,5/1/18
Zonotrichia,albicollis,5/1/18
Zonotrichia,albicollis,5/1/18
Zonotrichia,albicollis,5/1/18
Zonotrichia,albicollis,5/1/18
Zonotrichia,albicollis,5/1/18
Zonotrichia,albicollis,5/3/18
Zonotrichia,albicollis,5/4/18
Zonotrichia,albicollis,5/4/18
Zonotrichia,albicollis,5/4/18
Zonotrichia,albicollis,5/6/18
Zonotrichia,albicollis,5/8/18
Zonotrichia,albicollis,5/3/18
Zonotrichia,albicollis,5/3/18
Zonotrichia,albicollis,5/2/18
Zonotrichia,albicollis,5/2/18
Zonotrichia,albicollis,5/3/18
Zonotrichia,albicollis,5/3/18
Zonotrichia,albicollis,5/2/18
Zonotrichia,albicollis,5/2/18
Zonotrichia,albicollis,5/2/18
Zonotrichia,albicollis,5/2/18
Zonotrichia,albicollis,5/11/18
Zonotrichia,albicollis,5/11/18
Zonotrichia,albicollis,5/11/18
Zonotrichia,albicollis,5/15/18
Zonotrichia,leucophrys,9/25/17
Zonotrichia,leucophrys,10/5/17
Zonotrichia,leucophrys,10/10/17
Zonotrichia,leucophrys,10/11/17
Zonotrichia,leucophrys,10/12/17
Zonotrichia,leucophrys,10/17/17
Zonotrichia,leucophrys,10/20/17
Zonotrichia,leucophrys,10/26/17
Zonotrichia,leucophrys,10/26/17
Zonotrichia,leucophrys,10/26/17
Zonotrichia,leucophrys,11/3/17
Zonotrichia,leucophrys,5/2/18
Zonotrichia,leucophrys,5/15/18